Datum,SKU,Shop,Stav,Název v shopu,Cena v shopu,Měna,Kč bez DPH,€ bez DPH,€ s DPH,DPH,Dostupnost,Zdroj,Poznámka,URL
2026-09-20,SH-105-STBR,starbike.com,OK,Shimano 105 Di2 ST-R7170 shift- and brake dual control lever,208.9,EUR,4273,175.55,208.9,19 %,skladem,jsonld,ověřit variantu,https://www.starbike.com/en/shimano-105-di2-st-r7170-shift-and-brake-dual-control-lever/
2026-09-20,SH-105-RD,starbike.com,nenalezeno,,,,,,,19 %,?,,,
2026-09-20,SH-105-FD,starbike.com,OK,Shimano 105 Di2 FD-R7150-F front derailleur braze-on,111.9,EUR,2289,94.03,111.9,19 %,skladem,jsonld,,https://www.starbike.com/en/shimano-105-di2-fd-r7150-f-front-derailleur-braze-on/
2026-09-20,SH-105-FC,starbike.com,OK,Shimano 105 FC-R7100 crankset 12-speed Hollowtech black,136.9,EUR,2800,115.04,136.9,19 %,skladem,jsonld,ověřit variantu,https://www.starbike.com/en/shimano-105-fc-r7100-crankset-12-speed-hollowtech-black/
2026-09-20,SH-105-CS,starbike.com,nenalezeno,,,,,,,19 %,?,,,
2026-09-20,SH-105-CS2,starbike.com,nenalezeno,,,,,,,19 %,?,,,
2026-09-20,SH-105-CN,starbike.com,OK,Shimano CN-M7100 12-speed chain,18.3,EUR,374,15.38,18.3,19 %,skladem,jsonld,,https://www.starbike.com/en/shimano-cn-m7100-12-speed-chain/
2026-09-20,SH-105-SET,starbike.com,OK,Shimano 105 Di2 R7170 2x12-speed Flatmount groupset electric,1120.9,EUR,22926,941.93,1120.9,19 %,skladem,jsonld,,https://www.starbike.com/en/shimano-105-di2-r7170-2x12-speed-flatmount-groupset-electric/
2026-09-20,SH-ULT-STBR,starbike.com,OK,Shimano BR-R8170/ST-R8170 disc brake I-Spec EV excl. adaptor Resin,368.9,EUR,7545,310.0,368.9,19 %,skladem,jsonld,,https://www.starbike.com/en/shimano-br-r8170-st-r8170-disc-brake-i-spec-ev-excl.-adaptor-resin/
2026-09-20,SH-ULT-RD,starbike.com,OK,Shimano Ultegra RD-R8150 Di2 12-speed rear derailleur black,334.9,EUR,6850,281.43,334.9,19 %,skladem,jsonld,,https://www.starbike.com/en/shimano-ultegra-rd-r8150-di2-12-speed-rear-derailleur-black/
2026-09-20,SH-ULT-FD,starbike.com,OK,Shimano Ultegra FD-R8150 Di2 front derailleur 2/12-speed braze-on 50-54T,185.9,EUR,3802,156.22,185.9,19 %,skladem,jsonld,,https://www.starbike.com/en/shimano-ultegra-fd-r8150-di2-front-derailleur-212-speed-braze-on-50-54t/
2026-09-20,SH-ULT-FC,starbike.com,OK,Shimano Ultegra FC-R8100 crankset 12-speed Hollowtech anthracite,203.89,EUR,4170,171.34,203.89,19 %,skladem,jsonld,ověřit variantu,https://www.starbike.com/en/shimano-ultegra-fc-r8100-crankset-12-speed-hollowtech-anthracite/
2026-09-20,SH-ULT-FC-PM,starbike.com,OK,Shimano Ultegra FC-R8100-P 2x12-speed powermeter crankset,865.9,EUR,17710,727.65,865.9,19 %,skladem,jsonld,ověřit variantu,https://www.starbike.com/en/shimano-ultegra-fc-r8100-p-2x12-speed-powermeter-crankset/
2026-09-20,SH-ULT-CS,starbike.com,nenalezeno,,,,,,,19 %,?,,,
2026-09-20,SH-ULT-CN,starbike.com,OK,Shimano XT CN-M8100 12-speed chain,23.93,EUR,489,20.11,23.93,19 %,skladem,jsonld,,https://www.starbike.com/en/shimano-xt-cn-m8100-12-speed-chain/
2026-09-20,SH-ULT-SET,starbike.com,OK,Shimano Ultegra Di2 R8100 2x12-speed Flatmount groupset electric,1510.9,EUR,30902,1269.66,1510.9,19 %,skladem,jsonld,,https://www.starbike.com/en/shimano-ultegra-di2-r8100-2x12-speed-flatmount-groupset-electric/
2026-09-20,SH-ULT-SET-PM,starbike.com,OK,Shimano Ultegra Di2 R8100 2x12-speed Powermeter Flatmount groupset electric,2164.9,EUR,44278,1819.24,2164.9,19 %,skladem,jsonld,,https://www.starbike.com/en/shimano-ultegra-di2-r8100-2x12-speed-powermeter-flatmount-groupset-electric/
2026-09-20,SH-DA-STBR,starbike.com,OK,Shimano Dura-Ace BR-R9270 Hydraulic Disc Brake / ST-R9270 Di2 STI Shift/Brake Lever,514.9,EUR,10531,432.69,514.9,19 %,skladem,jsonld,,https://www.starbike.com/en/shimano-dura-ace-st-r9270-di2-12-speed-sti-shift-and-brake-lever-hydraulic/
2026-09-20,SH-DA-RD,starbike.com,OK,Shimano Dura-Ace Di2 RD-R9250 rear derailleur 12-speed black,694.9,EUR,14213,583.95,694.9,19 %,skladem,jsonld,,https://www.starbike.com/en/shimano-dura-ace-di2-rd-r9250-rear-derailleur-12-speed-black/
2026-09-20,SH-DA-FD,starbike.com,OK,Shimano Dura-Ace Di2 FD-R9250 front derailleur 2-speed anl&ouml;t 46-55T for 12-speed,342.9,EUR,7013,288.15,342.9,19 %,skladem,jsonld,,https://www.starbike.com/en/shimano-dura-ace-di2-fd-r9250-front-derailleur-2-speed-anloet-46-55t-for-12-speed/
2026-09-20,SH-DA-FC,starbike.com,OK,Shimano Dura-Ace FC-R9200 crankset black 12-speed HT2,475.9,EUR,9734,399.92,475.9,19 %,skladem,jsonld,ověřit variantu,https://www.starbike.com/en/shimano-dura-ace-fc-r9200-crankset-black-12-speed-ht2/
2026-09-20,SH-DA-FC-PM,starbike.com,OK,Shimano Dura-Ace FC-R9200-P 2x12-speed powermeter crankset,1096.89,EUR,22435,921.76,1096.89,19 %,skladem,jsonld,ověřit variantu,https://www.starbike.com/en/shimano-dura-ace-fc-r9200-p-2x12-speed-powermeter-crankset/
2026-09-20,SH-DA-CS,starbike.com,OK,Shimano Dura-Ace CS-R9200 cassette 12-speed,271.9,EUR,5561,228.49,271.9,19 %,skladem,jsonld,ověřit variantu,https://www.starbike.com/en/shimano-dura-ace-cs-r9200-cassette-12-speed/
2026-09-20,SH-DA-CN,starbike.com,OK,Shimano XTR CN-M9100 chain 12-speed for E-MTB,37.65,EUR,770,31.64,37.65,19 %,skladem,jsonld,,https://www.starbike.com/en/shimano-xtr-cn-9100-chain/
2026-09-20,SH-DA-SET,starbike.com,OK,Shimano Dura-Ace Di2 R9200 12-speed Flatmount groupset electric,2621.9,EUR,53626,2203.28,2621.9,19 %,skladem,jsonld,,https://www.starbike.com/en/shimano-dura-ace-di2-r9200-12-speed-flatmount-groupset-electric/
2026-09-20,SH-DA-SET-PM,starbike.com,nenalezeno,,,,,,,19 %,?,,,
2026-09-20,SH-X-BT-DN300,starbike.com,OK,Shimano BT-DN300 Di2 battery for seatpost/fork,150.9,EUR,3086,126.81,150.9,19 %,skladem,jsonld,,https://www.starbike.com/en/shimano-bt-dn300-di2-battery-for-seatpostfork/
2026-09-20,SH-X-EW-EC300,starbike.com,OK,Shimano EW-EC300 Di2 battery charging cable 1.5m USB black,41.9,EUR,857,35.21,41.9,19 %,skladem,jsonld,,https://www.starbike.com/en/shimano-ew-ec300-di2-battery-charging-cable-15m-usb-black/
2026-09-20,SH-X-RT-CL800,starbike.com,OK,Shimano RT-CL800 Centerlock disc rotor with lock ring with magnet 160mm,53.9,EUR,1102,45.29,53.9,19 %,skladem,jsonld,,https://www.starbike.com/en/shimano-rt-cl800-centerlock-disc-rotor-with-lock-ring-with-magnet-160mm/
2026-09-20,SH-X-RT-CL900,starbike.com,OK,Shimano RT-CL900 Centerlock disc rotor with lock ring with magnet 160mm,67.9,EUR,1389,57.06,67.9,19 %,skladem,jsonld,,https://www.starbike.com/en/shimano-rt-cl900-centerlock-disc-rotor-with-lock-ring-with-magnet-160mm/
2026-09-20,SR-RED-SET,starbike.com,OK,SRAM Red AXS 1/12-speed Road groupset disc brake Flatmount,2877.42,EUR,58852,2418.0,2877.42,19 %,skladem,jsonld,,https://www.starbike.com/en/sram-red-axs-road-groupset-1-12-speed-hydraulic-disc-brake-flatmount/
2026-09-20,SR-RED-SET-PM,starbike.com,nenalezeno,,,,,,,19 %,?,,,
2026-09-20,SR-FORCE-SET,starbike.com,OK,SRAM Force AXS 2-speed groupset hydraulic without crank 36T rear derailleur disc flatmount incl. 160mm brake rotor,1297.9,EUR,26546,1090.67,1297.9,19 %,skladem,jsonld,,https://www.starbike.com/en/sram-force-axs-2-speed-groupset-hydraulic-without-crank-36t-rear-derailleur-disc-flatmount-incl-160mm-brake-rotor/
2026-09-20,SR-FORCE-SET-PM,starbike.com,nenalezeno,,,,,,,19 %,?,,,
2026-09-20,SR-RIVAL-SET,starbike.com,nenalezeno,,,,,,,19 %,?,,,
2026-09-20,SR-RIVAL-SET-PM,starbike.com,nenalezeno,,,,,,,19 %,?,,,
2026-09-20,SR-FORCE-D2-SET,starbike.com,OK,SRAM Force AXS 2-speed groupset hydraulic without crank 36T rear derailleur disc flatmount incl. 160mm brake rotor,1297.9,EUR,26546,1090.67,1297.9,19 %,skladem,jsonld,ověřit variantu,https://www.starbike.com/en/sram-force-axs-2-speed-groupset-hydraulic-without-crank-36t-rear-derailleur-disc-flatmount-incl-160mm-brake-rotor/
2026-09-20,SR-RIVAL-D1-SET,starbike.com,OK,SRAM Rival Mullet eTap AXS 1/12-speed Road Wide groupset disc,1307.81,EUR,26749,1099.0,1307.81,19 %,předobjednávka,jsonld,ověřit variantu,https://www.starbike.com/en/sram-rival-mullet-etap-axs-1-12-speed-road-wide-groupset-disc/
2026-09-20,SR-RED-D1-SET,starbike.com,nenalezeno,,,,,,,19 %,?,,,
2026-09-20,SH-105-STBR,bike-components.de,OK,105 Front+Rear Set Disc Brake BR-R7170 + Di2 ST-R7170,299.0,EUR,6115,251.26,299.0,19 %,vyprodáno,jsonld,vyprodáno,https://www.bike-components.de/en/Shimano/105-Front-Rear-Set-Disc-Brake-BR-R7170-Di2-ST-R7170-p88625/
2026-09-20,SH-105-RD,bike-components.de,OK,105 Di2 Rear Derailleur Shadow RD-R7150 12-speed,149.99,EUR,3068,126.04,149.99,19 %,skladem,jsonld,,https://www.bike-components.de/en/Shimano/105-Di2-Rear-Derailleur-Shadow-RD-R7150-12-speed-p88619/
2026-09-20,SH-105-FD,bike-components.de,OK,105 Di2 Umwerfer FD-R7150 2-/12-fach,64.99,EUR,1329,54.61,64.99,19 %,vyprodáno,jsonld,vyprodáno,https://www.bike-components.de/de/Shimano/105-Di2-Umwerfer-FD-R7150-2-12-fach-p88620/
2026-09-20,SH-105-FC,bike-components.de,OK,105 FC-R7100 Hollowtech II Crankset,114.99,EUR,2352,96.63,114.99,19 %,skladem,jsonld,ověřit variantu,https://www.bike-components.de/en/Shimano/105-FC-R7100-Hollowtech-II-Crankset-p88622/
2026-09-20,SH-105-CS,bike-components.de,nenalezeno,,,,,,,19 %,?,,,
2026-09-20,SH-105-CS2,bike-components.de,OK,CS-HG710-12 12-speed Cassette,54.99,EUR,1125,46.21,54.99,19 %,skladem,jsonld,ověřit variantu,https://www.bike-components.de/en/Shimano/CS-HG710-12-12-speed-Cassette-p88624/
2026-09-20,SH-105-CN,bike-components.de,OK,SLX / 105 / E-Bike Quick-Link Chain CN-M7100 12-speed,18.99,EUR,388,15.96,18.99,19 %,skladem,jsonld,,https://www.bike-components.de/en/Shimano/SLX-105-E-Bike-Quick-Link-Chain-CN-M7100-12-speed-p71462/
2026-09-20,SH-105-SET,bike-components.de,OK,105 Di2 R7150 Gruppe 2x12 34-50,999.0,EUR,20433,839.5,999.0,19 %,vyprodáno,jsonld,vyprodáno,https://www.bike-components.de/de/Shimano/105-Di2-R7150-Gruppe-2x12-34-50-p88663/
2026-09-20,SH-ULT-STBR,bike-components.de,OK,Ultegra Front+Rear Set Disc Brake BR-R8170 + Di2 ST-R8170,509.0,EUR,10411,427.73,509.0,19 %,vyprodáno,jsonld,vyprodáno,https://www.bike-components.de/en/Shimano/Ultegra-Front-Rear-Set-Disc-Brake-BR-R8170-Di2-ST-R8170-p84490/
2026-09-20,SH-ULT-RD,bike-components.de,OK,Ultegra Di2 Rear Derailleur Shadow RD-R8150 12-speed,250.0,EUR,5113,210.08,250.0,19 %,skladem,jsonld,,https://www.bike-components.de/en/Shimano/Ultegra-Di2-Rear-Derailleur-Shadow-RD-R8150-12-speed-p212608/
2026-09-20,SH-ULT-FD,bike-components.de,OK,Ultegra Di2 FD-R8150 2-/12-speed Front Derailleur,149.99,EUR,3068,126.04,149.99,19 %,skladem,jsonld,,https://www.bike-components.de/en/Shimano/Ultegra-Di2-FD-R8150-2-12-speed-Front-Derailleur-p84391/
2026-09-20,SH-ULT-FC,bike-components.de,OK,Ultegra FC-R8100 Hollowtech II Crankset,181.99,EUR,3722,152.93,181.99,19 %,skladem,jsonld,ověřit variantu,https://www.bike-components.de/en/Shimano/Ultegra-FC-R8100-Hollowtech-II-Crankset-p84397/
2026-09-20,SH-ULT-FC-PM,bike-components.de,OK,Ultegra Powermeter Crankset FC-R8100-P Hollowtech II,889.0,EUR,18183,747.06,889.0,19 %,skladem,jsonld,ověřit variantu,https://www.bike-components.de/en/Shimano/Ultegra-Powermeter-Crankset-FC-R8100-P-Hollowtech-II-p212607/
2026-09-20,SH-ULT-CS,bike-components.de,OK,Ultegra Cassette CS-R8100 + Chain CN-M8101 12-speed Wear Set,129.99,EUR,2659,109.24,129.99,19 %,skladem,jsonld,ověřit variantu,https://www.bike-components.de/en/Shimano/Ultegra-Cassette-CS-R8100-Chain-CN-M8101-12-speed-Wear-Set-p213611/
2026-09-20,SH-ULT-CN,bike-components.de,OK,XT / Ultegra / E-Bike Quick-Link Chain CN-M8100 12-speed,27.99,EUR,572,23.52,27.99,19 %,skladem,jsonld,,https://www.bike-components.de/en/Shimano/XT-Ultegra-E-Bike-Quick-Link-Chain-CN-M8100-12-speed-p71475/
2026-09-20,SH-ULT-SET,bike-components.de,OK,Ultegra Di2 R8150 Groupset 2x12,1530.0,EUR,31293,1285.71,1530.0,19 %,skladem,jsonld,,https://www.bike-components.de/en/Shimano/Ultegra-Di2-R8150-Groupset-2x12-p221432/
2026-09-20,SH-ULT-SET-PM,bike-components.de,nenalezeno,,,,,,,19 %,?,,,
2026-09-20,SH-DA-STBR,bike-components.de,OK,Dura-Ace Front+Rear Set Disc Brake BR-R9270 + Di2 ST-R9270,779.0,EUR,15933,654.62,779.0,19 %,vyprodáno,jsonld,vyprodáno,https://www.bike-components.de/en/Shimano/Dura-Ace-Front-Rear-Set-Disc-Brake-BR-R9270-Di2-ST-R9270-p84487/
2026-09-20,SH-DA-RD,bike-components.de,OK,Dura-Ace Di2 Rear Derailleur Shadow RD-R9250 12-speed,589.0,EUR,12047,494.96,589.0,19 %,skladem,jsonld,,https://www.bike-components.de/en/Shimano/Dura-Ace-Di2-Rear-Derailleur-Shadow-RD-R9250-12-speed-p212606/
2026-09-20,SH-DA-FD,bike-components.de,OK,Dura-Ace Di2 FD-R9250 2-/12-speed Front Derailleur,289.0,EUR,5911,242.86,289.0,19 %,skladem,jsonld,,https://www.bike-components.de/en/Shimano/Dura-Ace-Di2-FD-R9250-2-12-speed-Front-Derailleur-p84376/
2026-09-20,SH-DA-FC,bike-components.de,OK,Dura-Ace Hollowtech II FC-R9200 Crankset,249.0,EUR,5093,209.24,249.0,19 %,skladem,jsonld,ověřit variantu,https://www.bike-components.de/en/Shimano/Dura-Ace-Hollowtech-II-FC-R9200-Crankset-p84383/
2026-09-20,SH-DA-FC-PM,bike-components.de,podezřele nízká cena,Magnet Set for FC-R9100-P / FC-R9200-P Power Meters,6.99,EUR,143,5.87,6.99,19 %,skladem,jsonld,ověřit variantu; vyřazeno: -66.7 % vs medián ostatních shopů 429 Kč – nejspíš jiný sortiment,https://www.bike-components.de/en/Shimano/Magnet-Set-for-FC-R9100-P-FC-R9200-P-Power-Meters-p63981/
2026-09-20,SH-DA-CS,bike-components.de,OK,Dura-Ace CS-R9200-12 12-speed Cassette,219.99,EUR,4500,184.87,219.99,19 %,skladem,jsonld,ověřit variantu,https://www.bike-components.de/en/Shimano/Dura-Ace-CS-R9200-12-12-speed-Cassette-p84382/
2026-09-20,SH-DA-CN,bike-components.de,OK,XTR / Dura-Ace / E-bike Quick-Link CN-M9100 12-speed Chain,42.99,EUR,879,36.13,42.99,19 %,skladem,jsonld,,https://www.bike-components.de/en/Shimano/XTR-Dura-Ace-E-bike-Quick-Link-CN-M9100-12-speed-Chain-p62087/
2026-09-20,SH-DA-SET,bike-components.de,OK,Dura-Ace Di2 R9250 Groupset 2x12,2520.0,EUR,51541,2117.65,2520.0,19 %,skladem,jsonld,,https://www.bike-components.de/en/Shimano/Dura-Ace-Di2-R9250-Groupset-2x12-p221431/
2026-09-20,SH-DA-SET-PM,bike-components.de,nenalezeno,,,,,,,19 %,?,,,
2026-09-20,SH-X-BT-DN300,bike-components.de,podezřele nízká cena,USB Charging Cable EW-EC300 for BT-DN300 Di2/FC-R9200-P Power Meter,31.99,EUR,654,26.88,31.99,19 %,skladem,jsonld,vyřazeno: -71.8 % vs medián ostatních shopů 2317 Kč – nejspíš jiný sortiment,https://www.bike-components.de/en/Shimano/USB-Charging-Cable-EW-EC300-for-BT-DN300-Di2-FC-R9200-P-Power-Meter-p84426/
2026-09-20,SH-X-EW-EC300,bike-components.de,OK,USB Charging Cable EW-EC300 for BT-DN300 Di2/FC-R9200-P Power Meter,31.99,EUR,654,26.88,31.99,19 %,skladem,jsonld,,https://www.bike-components.de/en/Shimano/USB-Charging-Cable-EW-EC300-for-BT-DN300-Di2-FC-R9200-P-Power-Meter-p84426/
2026-09-20,SH-X-RT-CL800,bike-components.de,nenalezeno,,,,,,,19 %,?,,,
2026-09-20,SH-X-RT-CL900,bike-components.de,nenalezeno,,,,,,,19 %,?,,,
2026-09-20,SR-RED-SET,bike-components.de,OK,Red E1 AXS HRD FM Groupset 2x12-speed 37-50,2800.0,EUR,57268,2352.94,2800.0,19 %,vyprodáno,jsonld,vyprodáno,https://www.bike-components.de/en/SRAM/Red-E1-AXS-HRD-FM-Groupset-2x12-speed-37-50-p94470/
2026-09-20,SR-RED-SET-PM,bike-components.de,OK,Red E1 AXS Power Meter HRD FM Groupset 2x12-speed 33-46,3160.0,EUR,64631,2655.46,3160.0,19 %,vyprodáno,jsonld,vyprodáno,https://www.bike-components.de/en/SRAM/Red-E1-AXS-Power-Meter-HRD-FM-Groupset-2x12-speed-33-46-p94472/
2026-09-20,SR-FORCE-SET,bike-components.de,nenalezeno,,,,,,,19 %,?,,,
2026-09-20,SR-FORCE-SET-PM,bike-components.de,OK,Force E1 AXS HRD FM Powermeter Gruppe 2x12-fach 33-46,2810.0,EUR,57473,2361.34,2810.0,19 %,vyprodáno,jsonld,vyprodáno,https://www.bike-components.de/de/SRAM/Force-E1-AXS-HRD-FM-Powermeter-Gruppe-2x12-fach-33-46-p218460/
2026-09-20,SR-RIVAL-SET,bike-components.de,OK,Rival E1 AXS HRD FM groupset 2x12-speed 35-48,1580.0,EUR,32316,1327.73,1580.0,19 %,vyprodáno,jsonld,vyprodáno,https://www.bike-components.de/en/SRAM/Rival-E1-AXS-HRD-FM-groupset-2x12-speed-35-48-p218856/
2026-09-20,SR-RIVAL-SET-PM,bike-components.de,OK,Rival E1 AXS HRD FM Powermeter Gruppe 2x12-fach 35-48,1740.0,EUR,35588,1462.18,1740.0,19 %,vyprodáno,jsonld,vyprodáno,https://www.bike-components.de/de/SRAM/Rival-E1-AXS-HRD-FM-Powermeter-Gruppe-2x12-fach-35-48-p218860/
2026-09-20,SR-FORCE-D2-SET,bike-components.de,nenalezeno,,,,,,,19 %,?,,,
2026-09-20,SR-RIVAL-D1-SET,bike-components.de,nenalezeno,,,,,,,19 %,?,,,
2026-09-20,SR-RED-D1-SET,bike-components.de,nenalezeno,,,,,,,19 %,?,,,
2026-09-20,SH-105-STBR,koloshop.cz,nenalezeno,,,,,,,21 %,?,,"shop nevrátil žádnou cenu – HTTP 200×294 („Ujišťujeme se, že nejste robot!“, 7461 B)",
2026-09-20,SH-105-RD,koloshop.cz,nenalezeno,,,,,,,21 %,?,,"shop nevrátil žádnou cenu – HTTP 200×294 („Ujišťujeme se, že nejste robot!“, 7461 B)",
2026-09-20,SH-105-FD,koloshop.cz,nenalezeno,,,,,,,21 %,?,,"shop nevrátil žádnou cenu – HTTP 200×294 („Ujišťujeme se, že nejste robot!“, 7461 B)",
2026-09-20,SH-105-FC,koloshop.cz,nenalezeno,,,,,,,21 %,?,,"shop nevrátil žádnou cenu – HTTP 200×294 („Ujišťujeme se, že nejste robot!“, 7461 B)",
2026-09-20,SH-105-CS,koloshop.cz,nenalezeno,,,,,,,21 %,?,,"shop nevrátil žádnou cenu – HTTP 200×294 („Ujišťujeme se, že nejste robot!“, 7461 B)",
2026-09-20,SH-105-CS2,koloshop.cz,nenalezeno,,,,,,,21 %,?,,"shop nevrátil žádnou cenu – HTTP 200×294 („Ujišťujeme se, že nejste robot!“, 7461 B)",
2026-09-20,SH-105-CN,koloshop.cz,nenalezeno,,,,,,,21 %,?,,"shop nevrátil žádnou cenu – HTTP 200×294 („Ujišťujeme se, že nejste robot!“, 7461 B)",
2026-09-20,SH-105-SET,koloshop.cz,nenalezeno,,,,,,,21 %,?,,"shop nevrátil žádnou cenu – HTTP 200×294 („Ujišťujeme se, že nejste robot!“, 7461 B)",
2026-09-20,SH-ULT-STBR,koloshop.cz,nenalezeno,,,,,,,21 %,?,,"shop nevrátil žádnou cenu – HTTP 200×294 („Ujišťujeme se, že nejste robot!“, 7461 B)",
2026-09-20,SH-ULT-RD,koloshop.cz,nenalezeno,,,,,,,21 %,?,,"shop nevrátil žádnou cenu – HTTP 200×294 („Ujišťujeme se, že nejste robot!“, 7461 B)",
2026-09-20,SH-ULT-FD,koloshop.cz,nenalezeno,,,,,,,21 %,?,,"shop nevrátil žádnou cenu – HTTP 200×294 („Ujišťujeme se, že nejste robot!“, 7461 B)",
2026-09-20,SH-ULT-FC,koloshop.cz,nenalezeno,,,,,,,21 %,?,,"shop nevrátil žádnou cenu – HTTP 200×294 („Ujišťujeme se, že nejste robot!“, 7461 B)",
2026-09-20,SH-ULT-FC-PM,koloshop.cz,nenalezeno,,,,,,,21 %,?,,"shop nevrátil žádnou cenu – HTTP 200×294 („Ujišťujeme se, že nejste robot!“, 7461 B)",
2026-09-20,SH-ULT-CS,koloshop.cz,nenalezeno,,,,,,,21 %,?,,"shop nevrátil žádnou cenu – HTTP 200×294 („Ujišťujeme se, že nejste robot!“, 7461 B)",
2026-09-20,SH-ULT-CN,koloshop.cz,nenalezeno,,,,,,,21 %,?,,"shop nevrátil žádnou cenu – HTTP 200×294 („Ujišťujeme se, že nejste robot!“, 7461 B)",
2026-09-20,SH-ULT-SET,koloshop.cz,nenalezeno,,,,,,,21 %,?,,"shop nevrátil žádnou cenu – HTTP 200×294 („Ujišťujeme se, že nejste robot!“, 7461 B)",
2026-09-20,SH-ULT-SET-PM,koloshop.cz,nenalezeno,,,,,,,21 %,?,,"shop nevrátil žádnou cenu – HTTP 200×294 („Ujišťujeme se, že nejste robot!“, 7461 B)",
2026-09-20,SH-DA-STBR,koloshop.cz,nenalezeno,,,,,,,21 %,?,,"shop nevrátil žádnou cenu – HTTP 200×294 („Ujišťujeme se, že nejste robot!“, 7461 B)",
2026-09-20,SH-DA-RD,koloshop.cz,nenalezeno,,,,,,,21 %,?,,"shop nevrátil žádnou cenu – HTTP 200×294 („Ujišťujeme se, že nejste robot!“, 7461 B)",
2026-09-20,SH-DA-FD,koloshop.cz,nenalezeno,,,,,,,21 %,?,,"shop nevrátil žádnou cenu – HTTP 200×294 („Ujišťujeme se, že nejste robot!“, 7461 B)",
2026-09-20,SH-DA-FC,koloshop.cz,nenalezeno,,,,,,,21 %,?,,"shop nevrátil žádnou cenu – HTTP 200×294 („Ujišťujeme se, že nejste robot!“, 7461 B)",
2026-09-20,SH-DA-FC-PM,koloshop.cz,nenalezeno,,,,,,,21 %,?,,"shop nevrátil žádnou cenu – HTTP 200×294 („Ujišťujeme se, že nejste robot!“, 7461 B)",
2026-09-20,SH-DA-CS,koloshop.cz,nenalezeno,,,,,,,21 %,?,,"shop nevrátil žádnou cenu – HTTP 200×294 („Ujišťujeme se, že nejste robot!“, 7461 B)",
2026-09-20,SH-DA-CN,koloshop.cz,nenalezeno,,,,,,,21 %,?,,"shop nevrátil žádnou cenu – HTTP 200×294 („Ujišťujeme se, že nejste robot!“, 7461 B)",
2026-09-20,SH-DA-SET,koloshop.cz,nenalezeno,,,,,,,21 %,?,,"shop nevrátil žádnou cenu – HTTP 200×294 („Ujišťujeme se, že nejste robot!“, 7461 B)",
2026-09-20,SH-DA-SET-PM,koloshop.cz,nenalezeno,,,,,,,21 %,?,,"shop nevrátil žádnou cenu – HTTP 200×294 („Ujišťujeme se, že nejste robot!“, 7461 B)",
2026-09-20,SH-X-BT-DN300,koloshop.cz,nenalezeno,,,,,,,21 %,?,,"shop nevrátil žádnou cenu – HTTP 200×294 („Ujišťujeme se, že nejste robot!“, 7461 B)",
2026-09-20,SH-X-EW-EC300,koloshop.cz,nenalezeno,,,,,,,21 %,?,,"shop nevrátil žádnou cenu – HTTP 200×294 („Ujišťujeme se, že nejste robot!“, 7461 B)",
2026-09-20,SH-X-RT-CL800,koloshop.cz,nenalezeno,,,,,,,21 %,?,,"shop nevrátil žádnou cenu – HTTP 200×294 („Ujišťujeme se, že nejste robot!“, 7461 B)",
2026-09-20,SH-X-RT-CL900,koloshop.cz,nenalezeno,,,,,,,21 %,?,,"shop nevrátil žádnou cenu – HTTP 200×294 („Ujišťujeme se, že nejste robot!“, 7461 B)",
2026-09-20,SR-RED-SET,koloshop.cz,nenalezeno,,,,,,,21 %,?,,"shop nevrátil žádnou cenu – HTTP 200×294 („Ujišťujeme se, že nejste robot!“, 7461 B)",
2026-09-20,SR-RED-SET-PM,koloshop.cz,nenalezeno,,,,,,,21 %,?,,"shop nevrátil žádnou cenu – HTTP 200×294 („Ujišťujeme se, že nejste robot!“, 7461 B)",
2026-09-20,SR-FORCE-SET,koloshop.cz,nenalezeno,,,,,,,21 %,?,,"shop nevrátil žádnou cenu – HTTP 200×294 („Ujišťujeme se, že nejste robot!“, 7461 B)",
2026-09-20,SR-FORCE-SET-PM,koloshop.cz,nenalezeno,,,,,,,21 %,?,,"shop nevrátil žádnou cenu – HTTP 200×294 („Ujišťujeme se, že nejste robot!“, 7461 B)",
2026-09-20,SR-RIVAL-SET,koloshop.cz,nenalezeno,,,,,,,21 %,?,,"shop nevrátil žádnou cenu – HTTP 200×294 („Ujišťujeme se, že nejste robot!“, 7461 B)",
2026-09-20,SR-RIVAL-SET-PM,koloshop.cz,nenalezeno,,,,,,,21 %,?,,"shop nevrátil žádnou cenu – HTTP 200×294 („Ujišťujeme se, že nejste robot!“, 7461 B)",
2026-09-20,SR-FORCE-D2-SET,koloshop.cz,nenalezeno,,,,,,,21 %,?,,"shop nevrátil žádnou cenu – HTTP 200×294 („Ujišťujeme se, že nejste robot!“, 7461 B)",
2026-09-20,SR-RIVAL-D1-SET,koloshop.cz,nenalezeno,,,,,,,21 %,?,,"shop nevrátil žádnou cenu – HTTP 200×294 („Ujišťujeme se, že nejste robot!“, 7461 B)",
2026-09-20,SR-RED-D1-SET,koloshop.cz,nenalezeno,,,,,,,21 %,?,,"shop nevrátil žádnou cenu – HTTP 200×294 („Ujišťujeme se, že nejste robot!“, 7461 B)",
2026-09-20,SH-105-STBR,mtbiker.cz,BLOKOVÁNO,,,,,,,21 %,?,,,
2026-09-20,SH-105-RD,mtbiker.cz,BLOKOVÁNO,,,,,,,21 %,?,,,
2026-09-20,SH-105-FD,mtbiker.cz,BLOKOVÁNO,,,,,,,21 %,?,,,
2026-09-20,SH-105-FC,mtbiker.cz,BLOKOVÁNO,,,,,,,21 %,?,,,
2026-09-20,SH-105-CS,mtbiker.cz,BLOKOVÁNO,,,,,,,21 %,?,,,
2026-09-20,SH-105-CS2,mtbiker.cz,BLOKOVÁNO,,,,,,,21 %,?,,,
2026-09-20,SH-105-CN,mtbiker.cz,BLOKOVÁNO,,,,,,,21 %,?,,,
2026-09-20,SH-105-SET,mtbiker.cz,BLOKOVÁNO,,,,,,,21 %,?,,,
2026-09-20,SH-ULT-STBR,mtbiker.cz,BLOKOVÁNO,,,,,,,21 %,?,,,
2026-09-20,SH-ULT-RD,mtbiker.cz,BLOKOVÁNO,,,,,,,21 %,?,,,
2026-09-20,SH-ULT-FD,mtbiker.cz,BLOKOVÁNO,,,,,,,21 %,?,,,
2026-09-20,SH-ULT-FC,mtbiker.cz,BLOKOVÁNO,,,,,,,21 %,?,,,
2026-09-20,SH-ULT-FC-PM,mtbiker.cz,BLOKOVÁNO,,,,,,,21 %,?,,,
2026-09-20,SH-ULT-CS,mtbiker.cz,BLOKOVÁNO,,,,,,,21 %,?,,,
2026-09-20,SH-ULT-CN,mtbiker.cz,BLOKOVÁNO,,,,,,,21 %,?,,,
2026-09-20,SH-ULT-SET,mtbiker.cz,BLOKOVÁNO,,,,,,,21 %,?,,,
2026-09-20,SH-ULT-SET-PM,mtbiker.cz,BLOKOVÁNO,,,,,,,21 %,?,,,
2026-09-20,SH-DA-STBR,mtbiker.cz,BLOKOVÁNO,,,,,,,21 %,?,,,
2026-09-20,SH-DA-RD,mtbiker.cz,BLOKOVÁNO,,,,,,,21 %,?,,,
2026-09-20,SH-DA-FD,mtbiker.cz,BLOKOVÁNO,,,,,,,21 %,?,,,
2026-09-20,SH-DA-FC,mtbiker.cz,BLOKOVÁNO,,,,,,,21 %,?,,,
2026-09-20,SH-DA-FC-PM,mtbiker.cz,BLOKOVÁNO,,,,,,,21 %,?,,,
2026-09-20,SH-DA-CS,mtbiker.cz,BLOKOVÁNO,,,,,,,21 %,?,,,
2026-09-20,SH-DA-CN,mtbiker.cz,BLOKOVÁNO,,,,,,,21 %,?,,,
2026-09-20,SH-DA-SET,mtbiker.cz,BLOKOVÁNO,,,,,,,21 %,?,,,
2026-09-20,SH-DA-SET-PM,mtbiker.cz,BLOKOVÁNO,,,,,,,21 %,?,,,
2026-09-20,SH-X-BT-DN300,mtbiker.cz,BLOKOVÁNO,,,,,,,21 %,?,,,
2026-09-20,SH-X-EW-EC300,mtbiker.cz,BLOKOVÁNO,,,,,,,21 %,?,,,
2026-09-20,SH-X-RT-CL800,mtbiker.cz,BLOKOVÁNO,,,,,,,21 %,?,,,
2026-09-20,SH-X-RT-CL900,mtbiker.cz,BLOKOVÁNO,,,,,,,21 %,?,,,
2026-09-20,SR-RED-SET,mtbiker.cz,BLOKOVÁNO,,,,,,,21 %,?,,,
2026-09-20,SR-RED-SET-PM,mtbiker.cz,BLOKOVÁNO,,,,,,,21 %,?,,,
2026-09-20,SR-FORCE-SET,mtbiker.cz,BLOKOVÁNO,,,,,,,21 %,?,,,
2026-09-20,SR-FORCE-SET-PM,mtbiker.cz,BLOKOVÁNO,,,,,,,21 %,?,,,
2026-09-20,SR-RIVAL-SET,mtbiker.cz,BLOKOVÁNO,,,,,,,21 %,?,,,
2026-09-20,SR-RIVAL-SET-PM,mtbiker.cz,BLOKOVÁNO,,,,,,,21 %,?,,,
2026-09-20,SR-FORCE-D2-SET,mtbiker.cz,BLOKOVÁNO,,,,,,,21 %,?,,,
2026-09-20,SR-RIVAL-D1-SET,mtbiker.cz,BLOKOVÁNO,,,,,,,21 %,?,,,
2026-09-20,SR-RED-D1-SET,mtbiker.cz,BLOKOVÁNO,,,,,,,21 %,?,,,
2026-09-20,SH-105-STBR,bikero.cz,nenalezeno,,,,,,,21 %,?,,,
2026-09-20,SH-105-RD,bikero.cz,nenalezeno,,,,,,,21 %,?,,,
2026-09-20,SH-105-FD,bikero.cz,OK,"SHIMANO - přesmykač 105 FD-R7150, 2x12, navářka",2799.0,CZK,2313,95.04,115.0,21 %,skladem u dodavatele,jsonld,,https://www.bikero.cz/shimano-presmykac-105-fd-r7150-2x12-navarka-p707663/
2026-09-20,SH-105-FC,bikero.cz,OK,"SHIMANO - kliky 105 FC-R7100, 175mm, 50/34z, 2x12 rychlostí",3190.0,CZK,2636,108.32,131.07,21 %,skladem u dodavatele,jsonld,,https://www.bikero.cz/shimano-kliky-105-fc-r7100-175mm-50-34z-2x12-rychlosti-p708392/
2026-09-20,SH-105-CS,bikero.cz,nenalezeno,,,,,,,21 %,?,,,
2026-09-20,SH-105-CS2,bikero.cz,OK,SHIMANO - kazeta 105 CS-HG710 12 rychlostí 11-36 zubů,1620.0,CZK,1339,55.01,66.56,21 %,skladem u dodavatele,jsonld,ověřit variantu,https://www.bikero.cz/shimano-kazeta-105-cs-hg710-12-rychlosti-11-36-zubu-p782403/
2026-09-20,SH-105-CN,bikero.cz,nenalezeno,,,,,,,21 %,?,,,
2026-09-20,SH-105-SET,bikero.cz,nenalezeno,,,,,,,21 %,?,,,
2026-09-20,SH-ULT-STBR,bikero.cz,nenalezeno,,,,,,,21 %,?,,,
2026-09-20,SH-ULT-RD,bikero.cz,OK,SHIMANO - přehazovačka Ultegra Di2 RD-R8150 - 12 rychlostí,6999.0,CZK,5784,237.66,287.56,21 %,skladem u dodavatele,jsonld,,https://www.bikero.cz/shimano-prehazovacka-ultegra-di2-rd-r8150-12-rychlosti-p707638/
2026-09-20,SH-ULT-FD,bikero.cz,OK,"Přesmykač Shimano Ultegra FD-R8150, navářka",4599.0,CZK,3801,156.16,188.96,21 %,skladem u dodavatele,jsonld,,https://www.bikero.cz/presmykac-shimano-ultegra-fd-r8150-navarka-p811774/
2026-09-20,SH-ULT-FC,bikero.cz,OK,"SHIMANO - kliky Ultegra FC-R8100, 175mm, 50/34z, 2x12 rychlostí",4790.0,CZK,3959,162.65,196.8,21 %,skladem u dodavatele,jsonld,,https://www.bikero.cz/shimano-kliky-ultegra-fc-r8100-175mm-50-34z-2x12-rychlosti-p708386/
2026-09-20,SH-ULT-FC-PM,bikero.cz,podezřele nízká cena,MAX1 - adaptér kotoučové brzdy PM-IS-R180,175.0,CZK,145,5.94,7.19,21 %,skladem u dodavatele,jsonld,ověřit variantu; vyřazeno: -66.2 % vs medián ostatních shopů 429 Kč – nejspíš jiný sortiment,https://www.bikero.cz/max1-adapter-kotoucove-brzdy-pm-is-r180-p22046/
2026-09-20,SH-ULT-CS,bikero.cz,nenalezeno,,,,,,,21 %,?,,,
2026-09-20,SH-ULT-CN,bikero.cz,nenalezeno,,,,,,,21 %,?,,,
2026-09-20,SH-ULT-SET,bikero.cz,nenalezeno,,,,,,,21 %,?,,,
2026-09-20,SH-ULT-SET-PM,bikero.cz,nenalezeno,,,,,,,21 %,?,,,
2026-09-20,SH-DA-STBR,bikero.cz,nenalezeno,,,,,,,21 %,?,,,
2026-09-20,SH-DA-RD,bikero.cz,nenalezeno,,,,,,,21 %,?,,,
2026-09-20,SH-DA-FD,bikero.cz,nenalezeno,,,,,,,21 %,?,,,
2026-09-20,SH-DA-FC,bikero.cz,nenalezeno,,,,,,,21 %,?,,,
2026-09-20,SH-DA-FC-PM,bikero.cz,podezřele nízká cena,MAX1 - adaptér kotoučové brzdy PM-IS-R180,175.0,CZK,145,5.94,7.19,21 %,skladem u dodavatele,jsonld,ověřit variantu; vyřazeno: -66.2 % vs medián ostatních shopů 429 Kč – nejspíš jiný sortiment,https://www.bikero.cz/max1-adapter-kotoucove-brzdy-pm-is-r180-p22046/
2026-09-20,SH-DA-CS,bikero.cz,nenalezeno,,,,,,,21 %,?,,,
2026-09-20,SH-DA-CN,bikero.cz,nenalezeno,,,,,,,21 %,?,,,
2026-09-20,SH-DA-SET,bikero.cz,nenalezeno,,,,,,,21 %,?,,,
2026-09-20,SH-DA-SET-PM,bikero.cz,nenalezeno,,,,,,,21 %,?,,,
2026-09-20,SH-X-BT-DN300,bikero.cz,OK,SHIMANO - baterie Di2 BT-DN300,3390.0,CZK,2802,115.11,139.28,21 %,skladem u dodavatele,jsonld,,https://www.bikero.cz/shimano-baterie-di2-bt-dn300-p708161/
2026-09-20,SH-X-EW-EC300,bikero.cz,OK,SHIMANO - USB Di2 nabíjecí kabel EW-EC300 1500 mm,900.0,CZK,744,30.56,36.98,21 %,skladem u dodavatele,jsonld,,https://www.bikero.cz/shimano-usb-di2-nabijeci-kabel-ew-ec300-1500-mm-p708164/
2026-09-20,SH-X-RT-CL800,bikero.cz,nenalezeno,,,,,,,21 %,?,,,
2026-09-20,SH-X-RT-CL900,bikero.cz,nenalezeno,,,,,,,21 %,?,,,
2026-09-20,SR-RED-SET,bikero.cz,nenalezeno,,,,,,,21 %,?,,,
2026-09-20,SR-RED-SET-PM,bikero.cz,nenalezeno,,,,,,,21 %,?,,,
2026-09-20,SR-FORCE-SET,bikero.cz,nenalezeno,,,,,,,21 %,?,,,
2026-09-20,SR-FORCE-SET-PM,bikero.cz,nenalezeno,,,,,,,21 %,?,,,
2026-09-20,SR-RIVAL-SET,bikero.cz,nenalezeno,,,,,,,21 %,?,,,
2026-09-20,SR-RIVAL-SET-PM,bikero.cz,nenalezeno,,,,,,,21 %,?,,,
2026-09-20,SR-FORCE-D2-SET,bikero.cz,nenalezeno,,,,,,,21 %,?,,,
2026-09-20,SR-RIVAL-D1-SET,bikero.cz,nenalezeno,,,,,,,21 %,?,,,
2026-09-20,SR-RED-D1-SET,bikero.cz,nenalezeno,,,,,,,21 %,?,,,
2026-09-20,SH-105-STBR,bike-eshop.cz,BLOKOVÁNO,,,,,,,21 %,?,,,
2026-09-20,SH-105-RD,bike-eshop.cz,BLOKOVÁNO,,,,,,,21 %,?,,,
2026-09-20,SH-105-FD,bike-eshop.cz,BLOKOVÁNO,,,,,,,21 %,?,,,
2026-09-20,SH-105-FC,bike-eshop.cz,BLOKOVÁNO,,,,,,,21 %,?,,,
2026-09-20,SH-105-CS,bike-eshop.cz,BLOKOVÁNO,,,,,,,21 %,?,,,
2026-09-20,SH-105-CS2,bike-eshop.cz,BLOKOVÁNO,,,,,,,21 %,?,,,
2026-09-20,SH-105-CN,bike-eshop.cz,BLOKOVÁNO,,,,,,,21 %,?,,,
2026-09-20,SH-105-SET,bike-eshop.cz,BLOKOVÁNO,,,,,,,21 %,?,,,
2026-09-20,SH-ULT-STBR,bike-eshop.cz,BLOKOVÁNO,,,,,,,21 %,?,,,
2026-09-20,SH-ULT-RD,bike-eshop.cz,BLOKOVÁNO,,,,,,,21 %,?,,,
2026-09-20,SH-ULT-FD,bike-eshop.cz,BLOKOVÁNO,,,,,,,21 %,?,,,
2026-09-20,SH-ULT-FC,bike-eshop.cz,BLOKOVÁNO,,,,,,,21 %,?,,,
2026-09-20,SH-ULT-FC-PM,bike-eshop.cz,BLOKOVÁNO,,,,,,,21 %,?,,,
2026-09-20,SH-ULT-CS,bike-eshop.cz,BLOKOVÁNO,,,,,,,21 %,?,,,
2026-09-20,SH-ULT-CN,bike-eshop.cz,BLOKOVÁNO,,,,,,,21 %,?,,,
2026-09-20,SH-ULT-SET,bike-eshop.cz,BLOKOVÁNO,,,,,,,21 %,?,,,
2026-09-20,SH-ULT-SET-PM,bike-eshop.cz,BLOKOVÁNO,,,,,,,21 %,?,,,
2026-09-20,SH-DA-STBR,bike-eshop.cz,BLOKOVÁNO,,,,,,,21 %,?,,,
2026-09-20,SH-DA-RD,bike-eshop.cz,BLOKOVÁNO,,,,,,,21 %,?,,,
2026-09-20,SH-DA-FD,bike-eshop.cz,BLOKOVÁNO,,,,,,,21 %,?,,,
2026-09-20,SH-DA-FC,bike-eshop.cz,BLOKOVÁNO,,,,,,,21 %,?,,,
2026-09-20,SH-DA-FC-PM,bike-eshop.cz,BLOKOVÁNO,,,,,,,21 %,?,,,
2026-09-20,SH-DA-CS,bike-eshop.cz,BLOKOVÁNO,,,,,,,21 %,?,,,
2026-09-20,SH-DA-CN,bike-eshop.cz,BLOKOVÁNO,,,,,,,21 %,?,,,
2026-09-20,SH-DA-SET,bike-eshop.cz,BLOKOVÁNO,,,,,,,21 %,?,,,
2026-09-20,SH-DA-SET-PM,bike-eshop.cz,BLOKOVÁNO,,,,,,,21 %,?,,,
2026-09-20,SH-X-BT-DN300,bike-eshop.cz,BLOKOVÁNO,,,,,,,21 %,?,,,
2026-09-20,SH-X-EW-EC300,bike-eshop.cz,BLOKOVÁNO,,,,,,,21 %,?,,,
2026-09-20,SH-X-RT-CL800,bike-eshop.cz,BLOKOVÁNO,,,,,,,21 %,?,,,
2026-09-20,SH-X-RT-CL900,bike-eshop.cz,BLOKOVÁNO,,,,,,,21 %,?,,,
2026-09-20,SR-RED-SET,bike-eshop.cz,BLOKOVÁNO,,,,,,,21 %,?,,,
2026-09-20,SR-RED-SET-PM,bike-eshop.cz,BLOKOVÁNO,,,,,,,21 %,?,,,
2026-09-20,SR-FORCE-SET,bike-eshop.cz,BLOKOVÁNO,,,,,,,21 %,?,,,
2026-09-20,SR-FORCE-SET-PM,bike-eshop.cz,BLOKOVÁNO,,,,,,,21 %,?,,,
2026-09-20,SR-RIVAL-SET,bike-eshop.cz,BLOKOVÁNO,,,,,,,21 %,?,,,
2026-09-20,SR-RIVAL-SET-PM,bike-eshop.cz,BLOKOVÁNO,,,,,,,21 %,?,,,
2026-09-20,SR-FORCE-D2-SET,bike-eshop.cz,BLOKOVÁNO,,,,,,,21 %,?,,,
2026-09-20,SR-RIVAL-D1-SET,bike-eshop.cz,BLOKOVÁNO,,,,,,,21 %,?,,,
2026-09-20,SR-RED-D1-SET,bike-eshop.cz,BLOKOVÁNO,,,,,,,21 %,?,,,
2026-09-20,SH-105-STBR,kupkolo.cz,OK,"Řadicí a brzdová páka Shimano 105 Di2, ST-R7170, 2x12",4590.0,CZK,3793,155.86,188.59,21 %,skladem,jsonld,ověřit variantu,https://www.kupkolo.cz/radici-a-brzdova-paka-shimano-105-di2-st-r7170-2x12_z119215/
2026-09-20,SH-105-RD,kupkolo.cz,OK,"Přehazovačka Shimano 105 Di2, RD-R7150, 12s",3990.0,CZK,3297,135.48,163.93,21 %,skladem,jsonld,,https://www.kupkolo.cz/prehazovacka-shimano-105-di2-rd-r7150-12s_z119220/
2026-09-20,SH-105-FD,kupkolo.cz,OK,"Přesmykač Shimano 105, FD-R7150, 2x12 Di2",2590.0,CZK,2141,87.95,106.41,21 %,skladem,jsonld,,https://www.kupkolo.cz/presmykac-shimano-105-fd-r7150-2x12-di2_z123245/
2026-09-20,SH-105-FC,kupkolo.cz,OK,"Kliky Shimano 105, FC-R7100, 2x12s",2790.0,CZK,2306,94.74,114.63,21 %,skladem,jsonld,ověřit variantu,https://www.kupkolo.cz/kliky-shimano-105-fc-r7100-2x12s_z119207/
2026-09-20,SH-105-CS,kupkolo.cz,nenalezeno,,,,,,,21 %,?,,,
2026-09-20,SH-105-CS2,kupkolo.cz,nenalezeno,,,,,,,21 %,?,,,
2026-09-20,SH-105-CN,kupkolo.cz,nenalezeno,,,,,,,21 %,?,,,
2026-09-20,SH-105-SET,kupkolo.cz,nenalezeno,,,,,,,21 %,?,,,
2026-09-20,SH-ULT-STBR,kupkolo.cz,OK,"Řadicí a brzdová páka Shimano Ultegra Di2 2x12s, ST-R8170 + třmen BR-R8170",6990.0,CZK,5777,237.35,287.19,21 %,skladem,jsonld,,https://www.kupkolo.cz/radici-a-brzdova-paka-shimano-ultegra-di2-2x12s-st-r8170-trmen-br-r8170_z122996/
2026-09-20,SH-ULT-RD,kupkolo.cz,OK,"Přehazovačka Shimano Ultegra, RD-R8150, 12s Di2",8990.0,CZK,7430,305.26,369.37,21 %,skladem,jsonld,,https://www.kupkolo.cz/prehazovacka-shimano-ultegra-rd-r8150-12s-di2_z116563/
2026-09-20,SH-ULT-FD,kupkolo.cz,OK,"Přesmykač Shimano Ultegra, FD-R8150, 2x12 Di2",4499.0,CZK,3718,152.77,184.85,21 %,skladem,jsonld,,https://www.kupkolo.cz/presmykac-shimano-ultegra-fd-r8150-2x12-di2_z116564/
2026-09-20,SH-ULT-FC,kupkolo.cz,OK,"Kliky Shimano Ultegra, FC-R8100",4379.0,CZK,3619,148.69,179.92,21 %,skladem,jsonld,ověřit variantu,https://www.kupkolo.cz/kliky-shimano-ultegra-fc-r8100_z116228/
2026-09-20,SH-ULT-FC-PM,kupkolo.cz,podezřele nízká cena,"Přední adaptér kot. brzdy a2z, PM/PM-180 F180",149.0,CZK,123,5.06,6.12,21 %,skladem,jsonld,ověřit variantu; vyřazeno: -71.3 % vs medián ostatních shopů 429 Kč – nejspíš jiný sortiment,https://www.kupkolo.cz/predni-adapter-kot-brzdy-a2z-pm-pm-180-f180_z3923/
2026-09-20,SH-ULT-CS,kupkolo.cz,nenalezeno,,,,,,,21 %,?,,,
2026-09-20,SH-ULT-CN,kupkolo.cz,nenalezeno,,,,,,,21 %,?,,,
2026-09-20,SH-ULT-SET,kupkolo.cz,nenalezeno,,,,,,,21 %,?,,,
2026-09-20,SH-ULT-SET-PM,kupkolo.cz,nenalezeno,,,,,,,21 %,?,,,
2026-09-20,SH-DA-STBR,kupkolo.cz,podezřele nízká cena,"Řadicí a brzdová páka Shimano Dura-Ace Di2, ST-R9270 + třmen BR-R9270",9279.0,CZK,7668,315.07,381.24,21 %,skladem,jsonld,vyřazeno: -51.9 % vs medián ostatních shopů 15933 Kč – nejspíš jiný sortiment,https://www.kupkolo.cz/radici-a-brzdova-paka-shimano-dura-ace-di2-st-r9270-trmen-br-r9270_z123165/
2026-09-20,SH-DA-RD,kupkolo.cz,podezřele nízká cena,SHIMANO vnější vodítko (včetně šroubu) pro RD-R9250,349.0,CZK,288,11.85,14.34,21 %,skladem,jsonld,vyřazeno: -97.5 % vs medián ostatních shopů 11444 Kč – nejspíš jiný sortiment,https://www.kupkolo.cz/shimano-vnejsi-voditko-vcetne-sroubu-pro-rd-r9250_z138318/
2026-09-20,SH-DA-FD,kupkolo.cz,OK,"Přesmykač Shimano Dura-Ace, FD-R9250, 2x12 Di2",6379.0,CZK,5272,216.6,262.09,21 %,skladem,jsonld,,https://www.kupkolo.cz/presmykac-shimano-dura-ace-fd-r9250-2x12-di2_z116539/
2026-09-20,SH-DA-FC,kupkolo.cz,OK,"Kliky Shimano Dura Ace, FC-R9200",9590.0,CZK,7926,325.63,394.02,21 %,skladem,jsonld,ověřit variantu,https://www.kupkolo.cz/kliky-shimano-dura-ace-fc-r9200_z116149/
2026-09-20,SH-DA-FC-PM,kupkolo.cz,podezřele nízká cena,"Přední adaptér kot. brzdy a2z, PM/PM-180 F180",149.0,CZK,123,5.06,6.12,21 %,skladem,jsonld,ověřit variantu; vyřazeno: -71.3 % vs medián ostatních shopů 429 Kč – nejspíš jiný sortiment,https://www.kupkolo.cz/predni-adapter-kot-brzdy-a2z-pm-pm-180-f180_z3923/
2026-09-20,SH-DA-CS,kupkolo.cz,OK,"Kazeta silniční Shimano Dura Ace, CS-R9200 - 12s",4879.0,CZK,4032,165.67,200.46,21 %,skladem,jsonld,ověřit variantu,https://www.kupkolo.cz/kazeta-silnicni-shimano-dura-ace-cs-r9200-12s_z114733/
2026-09-20,SH-DA-CN,kupkolo.cz,nenalezeno,,,,,,,21 %,?,,,
2026-09-20,SH-DA-SET,kupkolo.cz,nenalezeno,,,,,,,21 %,?,,,
2026-09-20,SH-DA-SET-PM,kupkolo.cz,nenalezeno,,,,,,,21 %,?,,,
2026-09-20,SH-X-BT-DN300,kupkolo.cz,OK,SHIMANO baterie Di2 / BT-DN300,2790.0,CZK,2306,94.74,114.63,21 %,skladem,jsonld,,https://www.kupkolo.cz/shimano-baterie-di2-bt-dn300_z116543/
2026-09-20,SH-X-EW-EC300,kupkolo.cz,OK,"Shimano EW-EC300 nabíjecí konektor Di2/powermetr, 12s",890.0,CZK,736,30.22,36.57,21 %,skladem,jsonld,,https://www.kupkolo.cz/shimano-ew-ec300-nabijeci-konektor-di2-powermetr-12s_z116542/
2026-09-20,SH-X-RT-CL800,kupkolo.cz,nenalezeno,,,,,,,21 %,?,,,
2026-09-20,SH-X-RT-CL900,kupkolo.cz,nenalezeno,,,,,,,21 %,?,,,
2026-09-20,SR-RED-SET,kupkolo.cz,nenalezeno,,,,,,,21 %,?,,,
2026-09-20,SR-RED-SET-PM,kupkolo.cz,nenalezeno,,,,,,,21 %,?,,,
2026-09-20,SR-FORCE-SET,kupkolo.cz,nenalezeno,,,,,,,21 %,?,,,
2026-09-20,SR-FORCE-SET-PM,kupkolo.cz,nenalezeno,,,,,,,21 %,?,,,
2026-09-20,SR-RIVAL-SET,kupkolo.cz,nenalezeno,,,,,,,21 %,?,,,
2026-09-20,SR-RIVAL-SET-PM,kupkolo.cz,nenalezeno,,,,,,,21 %,?,,,
2026-09-20,SR-FORCE-D2-SET,kupkolo.cz,nenalezeno,,,,,,,21 %,?,,,
2026-09-20,SR-RIVAL-D1-SET,kupkolo.cz,nenalezeno,,,,,,,21 %,?,,,
2026-09-20,SR-RED-D1-SET,kupkolo.cz,nenalezeno,,,,,,,21 %,?,,,
2026-09-20,SH-105-STBR,hupnakolo.cz,OK,"Řadicí a brzdová páka Shimano 105, ST-R7170 + třmen BR-7170 - Hupnakolo",5388.0,CZK,4453,182.95,221.37,21 %,skladem,meta,ověřit variantu,https://www.hupnakolo.cz/radici-a-brzdova-paka-shimano-105--st-r7170-trmen-br-7170/
2026-09-20,SH-105-RD,hupnakolo.cz,OK,Shimano 105 RD R7150 Di2 přehazovačka 12s,3737.0,CZK,3088,126.89,153.54,21 %,skladem,meta,,https://www.hupnakolo.cz/shimano-prehazovacka-105-rd-r7150-12-rychl--max-36z-min-11z-kapacita-41z-bal/
2026-09-20,SH-105-FD,hupnakolo.cz,nenalezeno,,,,,,,21 %,?,,,
2026-09-20,SH-105-FC,hupnakolo.cz,OK,Shimano 105 FC-R7100 | Silniční kliky 2x12 | 50-34 zubů,2665.0,CZK,2202,90.49,109.5,21 %,skladem,meta,,https://www.hupnakolo.cz/shimano-kliky-105-fc-r7100-integr-klika-2x12-cerna-bez-bb-misek-bal/
2026-09-20,SH-105-CS,hupnakolo.cz,nenalezeno,,,,,,,21 %,?,,,
2026-09-20,SH-105-CS2,hupnakolo.cz,nenalezeno,,,,,,,21 %,?,,,
2026-09-20,SH-105-CN,hupnakolo.cz,OK,"SHIMANO SLX CN-M7100 12 rychlostní řetěz, 116 článků, baleno v sáčků - Hupnakolo",429.0,CZK,355,14.57,17.63,21 %,skladem,meta,,https://www.hupnakolo.cz/shimano-retez-slx-cn-m7100-12rychl-116cl--s-rychlospojkou-box-20-ks/
2026-09-20,SH-105-SET,hupnakolo.cz,nenalezeno,,,,,,,21 %,?,,,
2026-09-20,SH-ULT-STBR,hupnakolo.cz,OK,Shimano Ultegra Di2 ST R8170 BR R8170 prava 12s brzda,6988.0,CZK,5775,237.28,287.11,21 %,skladem,meta,,https://www.hupnakolo.cz/shimano-kot-brzd-set-ultegra-br-r8170-st-r8170-zadprava-j-kit-di2-bez-adapt-polymer-chl-bh90170c/
2026-09-20,SH-ULT-RD,hupnakolo.cz,nenalezeno,,,,,,,21 %,?,,,
2026-09-20,SH-ULT-FD,hupnakolo.cz,OK,SHIMANO přesmykač ULTEGRA Di2 FD-R8150 pro 2x12 navářka Down Swing61-66 pro 50-54z max 16z kapac ba - Hupnakolo,3697.0,CZK,3055,125.53,151.9,21 %,skladem,meta,,https://www.hupnakolo.cz/shimano-presmykac-ultegra-di2-fd-r8150-pro-2x12-navarka-down-swing61-66-pro-50-54z-max-16z-kapac-ba/
2026-09-20,SH-ULT-FC,hupnakolo.cz,OK,"Shimano Ultegra FC-R8100 – kliky 2×12, 46/36",4644.0,CZK,3838,157.69,190.8,21 %,skladem,meta,ověřit variantu,https://www.hupnakolo.cz/shimano-kliky-ultegra-fc-r8100-integr-klika-2x12-1725-mm-46x36z-bez-bb-misek-bal/
2026-09-20,SH-ULT-FC-PM,hupnakolo.cz,podezřele nízká cena,Adaptér přední brzdy IS-PM 203 mm - Hupnakolo,63.0,CZK,52,2.14,2.59,21 %,skladem,meta,ověřit variantu; vyřazeno: -87.9 % vs medián ostatních shopů 429 Kč – nejspíš jiný sortiment,https://www.hupnakolo.cz/adapter-predni-brzdy-is-pm-203-mm/
2026-09-20,SH-ULT-CS,hupnakolo.cz,nenalezeno,,,,,,,21 %,?,,,
2026-09-20,SH-ULT-CN,hupnakolo.cz,nenalezeno,,,,,,,21 %,?,,,
2026-09-20,SH-ULT-SET,hupnakolo.cz,nenalezeno,,,,,,,21 %,?,,,
2026-09-20,SH-ULT-SET-PM,hupnakolo.cz,nenalezeno,,,,,,,21 %,?,,,
2026-09-20,SH-DA-STBR,hupnakolo.cz,nenalezeno,,,,,,,21 %,?,,,
2026-09-20,SH-DA-RD,hupnakolo.cz,OK,Shimano Dura Ace RD R9250 Di2 přehazovačka 12s Shadow+,11497.0,CZK,9502,390.39,472.37,21 %,skladem,meta,,https://www.hupnakolo.cz/shimano-prehazovacka-dura-ace-di2-rd-r9250-12-rychl--bal/
2026-09-20,SH-DA-FD,hupnakolo.cz,nenalezeno,,,,,,,21 %,?,,,
2026-09-20,SH-DA-FC,hupnakolo.cz,OK,Shimano Dura-Ace FC-R9200 – kliková sada 2×12,8915.0,CZK,7368,302.71,366.28,21 %,skladem,meta,ověřit variantu,https://www.hupnakolo.cz/shimano-kliky-dura-ace-fc-r9200-integr-klika-2x12-175-mm-52x36z-bez-bb-misek/
2026-09-20,SH-DA-FC-PM,hupnakolo.cz,OK,"Shimano DURA-ACE FC-R9200-P Powermeter kliky | 2x12, 175 mm, wattmetr",21798.0,CZK,18015,740.17,895.6,21 %,skladem,meta,ověřit variantu,https://www.hupnakolo.cz/shimano-kliky-dura-ace-fc-r9200-p-integr-klika-2x12-175-mm-bez-prev--bez-bb-misek-pro-mer-vyk-bal/
2026-09-20,SH-DA-CS,hupnakolo.cz,OK,"SHIMANO CS-R9200 Dura-Ace 12-kazeta 11-30 zubů, v krabičce - Hupnakolo",5163.0,CZK,4267,175.31,212.13,21 %,skladem,meta,,https://www.hupnakolo.cz/shimano-cs-r9200-dura-ace-12-kazeta-11-30-zubu--v-krabicce/?parameterValueId=9618
2026-09-20,SH-DA-CN,hupnakolo.cz,OK,Řetěz SHIMANO XTR CN-M9100 - 12 rychlostí - Hupnakolo,1049.0,CZK,867,35.62,43.1,21 %,skladem,meta,,https://www.hupnakolo.cz/shimano-xtr-cn-m9100/
2026-09-20,SH-DA-SET,hupnakolo.cz,nenalezeno,,,,,,,21 %,?,,,
2026-09-20,SH-DA-SET-PM,hupnakolo.cz,nenalezeno,,,,,,,21 %,?,,,
2026-09-20,SH-X-BT-DN300,hupnakolo.cz,OK,SHIMANO baterie Di2 BT-DN300 EU spec bal - Hupnakolo,2803.0,CZK,2317,95.18,115.16,21 %,skladem,meta,,https://www.hupnakolo.cz/shimano-baterie-di2-bt-dn300-eu-spec-bal/
2026-09-20,SH-X-EW-EC300,hupnakolo.cz,nenalezeno,,,,,,,21 %,?,,,
2026-09-20,SH-X-RT-CL800,hupnakolo.cz,OK,Shimano RT-CL800 160 mm – Ultegra brzdový kotouč Ice Tech FREEZA,920.0,CZK,760,31.24,37.8,21 %,skladem,meta,ověřit variantu,https://www.hupnakolo.cz/brzdovy-kotouc-shimano-rt-cl800-160mm-center-lock--ice-technologies--v-krabicce/
2026-09-20,SH-X-RT-CL900,hupnakolo.cz,OK,SHIMANO brzd kotouč -ostatní RT-CL900 center lock 160 mm pro Ice tech + lock ring (interní) - Hupnakolo,1347.0,CZK,1113,45.74,55.34,21 %,skladem,meta,,https://www.hupnakolo.cz/shimano-brzd-kotouc-ostatni-rt-cl900-center-lock-160-mm-pro-ice-tech-lock-ring--interni-/
2026-09-20,SR-RED-SET,hupnakolo.cz,nenalezeno,,,,,,,21 %,?,,,
2026-09-20,SR-RED-SET-PM,hupnakolo.cz,nenalezeno,,,,,,,21 %,?,,,
2026-09-20,SR-FORCE-SET,hupnakolo.cz,OK,SRAM Force AXS E2 2×12 – bezdrátová silniční sada,33371.0,CZK,27579,1133.13,1371.09,21 %,skladem,meta,ověřit variantu,https://www.hupnakolo.cz/00-7918-418-000-sram-force-axs-groupset-2--12-e2---bezdratova-silnicni-sada/
2026-09-20,SR-FORCE-SET-PM,hupnakolo.cz,nenalezeno,,,,,,,21 %,?,,,
2026-09-20,SR-RIVAL-SET,hupnakolo.cz,nenalezeno,,,,,,,21 %,?,,,
2026-09-20,SR-RIVAL-SET-PM,hupnakolo.cz,nenalezeno,,,,,,,21 %,?,,,
2026-09-20,SR-FORCE-D2-SET,hupnakolo.cz,OK,SRAM Force AXS E2 2×12 – bezdrátová silniční sada,33371.0,CZK,27579,1133.13,1371.09,21 %,skladem,meta,ověřit variantu,https://www.hupnakolo.cz/00-7918-418-000-sram-force-axs-groupset-2--12-e2---bezdratova-silnicni-sada/
2026-09-20,SR-RIVAL-D1-SET,hupnakolo.cz,nenalezeno,,,,,,,21 %,?,,,
2026-09-20,SR-RED-D1-SET,hupnakolo.cz,nenalezeno,,,,,,,21 %,?,,,
2026-09-20,SH-105-STBR,bike-discount.de,OK,105 Di2 ST-R7170+BR-R7170 2x12-fach Scheibenbremsen-Set,439.99,EUR,8999,369.74,439.99,19 %,vyprodáno,jsonld,vyprodáno,https://www.bike-discount.de/de/shimano-105-di2-st-r7170-br-r7170-2x12-fach-scheibenbremsen-set-1
2026-09-20,SH-105-RD,bike-discount.de,OK,105 Di2 RD-R7150 12-fach Schaltwerk,169.99,EUR,3477,142.85,169.99,19 %,vyprodáno,jsonld,vyprodáno,https://www.bike-discount.de/de/shimano-105-di2-rd-r7150-12-fach-schaltwerk-1
2026-09-20,SH-105-FD,bike-discount.de,OK,105 Di2 FD-R7150 2x12-fach Umwerfer Anlöt,99.99,EUR,2045,84.03,99.99,19 %,skladem,jsonld,,https://www.bike-discount.de/de/shimano-105-di2-fd-r7150-2x12-fach-umwerfer
2026-09-20,SH-105-FC,bike-discount.de,OK,105 FC-R7100 12-fach Kurbel 50/34,117.99,EUR,2413,99.15,117.99,19 %,skladem,jsonld,,https://www.bike-discount.de/de/shimano-105-fc-r7100-12-fach-kurbel-50/34
2026-09-20,SH-105-CS,bike-discount.de,nenalezeno,,,,,,,19 %,?,,,
2026-09-20,SH-105-CS2,bike-discount.de,OK,105 CS-HG710 12-fach Kassette,58.99,EUR,1206,49.57,58.99,19 %,skladem,jsonld,ověřit variantu,https://www.bike-discount.de/de/shimano-105-cs-hg710-12-fach-kassette
2026-09-20,SH-105-CN,bike-discount.de,OK,SLX CN-M7100 12-fach Kette mit Quick-Link,18.99,EUR,388,15.96,18.99,19 %,skladem,jsonld,,https://www.bike-discount.de/de/shimano-slx-cn-m7100-12-fach-kette-mit-quick-link
2026-09-20,SH-105-SET,bike-discount.de,OK,105 Di2 R7170 2x12-fach Gruppe Disc TOP-DEAL,799.0,EUR,16342,671.43,799.0,19 %,skladem,jsonld,,https://www.bike-discount.de/de/shimano-105-di2-r7170-2x12-fach-gruppe-disc-top-deal
2026-09-20,SH-ULT-STBR,bike-discount.de,OK,ULTEGRA Di2 ST-R8170+BR-R8170 2x12-fach Scheibenbremsen-Set,578.99,EUR,11842,486.55,578.99,19 %,skladem,jsonld,,https://www.bike-discount.de/de/shimano-ultegra-di2-st-r8170-br-r8170-2x12-fach-scheibenbremsen-set-2
2026-09-20,SH-ULT-RD,bike-discount.de,OK,ULTEGRA Di2 RD-R8150 12-fach Schaltwerk,254.99,EUR,5215,214.28,254.99,19 %,skladem,jsonld,,https://www.bike-discount.de/de/shimano-ultegra-di2-rd-r8150-12-fach-schaltwerk-2
2026-09-20,SH-ULT-FD,bike-discount.de,OK,ULTEGRA Di2 FD-R8150 2x12-fach Umwerfer,159.99,EUR,3272,134.45,159.99,19 %,skladem,jsonld,,https://www.bike-discount.de/de/shimano-ultegra-di2-fd-r8150-2x12-fach-umwerfer
2026-09-20,SH-ULT-FC,bike-discount.de,OK,ULTEGRA FC-R8100 12-fach Kurbel 50/34,194.99,EUR,3988,163.86,194.99,19 %,skladem,jsonld,,https://www.bike-discount.de/de/shimano-ultegra-fc-r8100-12-fach-kurbel-50/34
2026-09-20,SH-ULT-FC-PM,bike-discount.de,OK,Adapter - H PM zu PM vorne 183,20.99,EUR,429,17.64,20.99,19 %,skladem,jsonld,ověřit variantu,https://www.bike-discount.de/de/hope-adapter-h-pm-zu-pm-vorne-183
2026-09-20,SH-ULT-CS,bike-discount.de,nenalezeno,,,,,,,19 %,?,,,
2026-09-20,SH-ULT-CN,bike-discount.de,OK,XT CN-M8100 12-fach Kette mit Quick-Link,27.99,EUR,572,23.52,27.99,19 %,skladem,jsonld,,https://www.bike-discount.de/de/shimano-xt-cn-m8100-12-fach-kette-mit-quick-link
2026-09-20,SH-ULT-SET,bike-discount.de,OK,ULTEGRA Di2 R8170 2x12-fach Gruppe Disc 140/160mm TOP-DEAL,1199.99,EUR,24543,1008.39,1199.99,19 %,skladem,jsonld,,https://www.bike-discount.de/de/shimano-ultegra-di2-r8170-2x12-fach-gruppe-disc-140/160mm-1
2026-09-20,SH-ULT-SET-PM,bike-discount.de,OK,ULTEGRA Di2 R8170-P 2x12-fach Powermeter Gruppe Disc 160/160mm TOP-DEAL,1689.99,EUR,34565,1420.16,1689.99,19 %,skladem,jsonld,ověřit variantu,https://www.bike-discount.de/de/shimano-ultegra-di2-r8170-p-2x12-fach-powermeter-gruppe-disc-160/160mm
2026-09-20,SH-DA-STBR,bike-discount.de,OK,DURA ACE Di2 ST-R9270+BR-R9270 2x12-fach Scheibenbremsen-Set,969.99,EUR,19839,815.12,969.99,19 %,skladem,jsonld,,https://www.bike-discount.de/de/shimano-dura-ace-di2-st-r9270-br-r9270-2x12-fach-scheibenbremsen-set-3
2026-09-20,SH-DA-RD,bike-discount.de,OK,DURA ACE Di2 RD-R9250 12-fach Schaltwerk,529.99,EUR,10840,445.37,529.99,19 %,skladem,jsonld,,https://www.bike-discount.de/de/shimano-dura-ace-di2-rd-r9250-12-fach-schaltwerk-3
2026-09-20,SH-DA-FD,bike-discount.de,OK,DURA ACE Di2 FD-R9250 2x12-fach Umwerfer,279.99,EUR,5727,235.29,279.99,19 %,skladem,jsonld,,https://www.bike-discount.de/de/shimano-dura-ace-di2-fd-r9250-2x12-fach-umwerfer
2026-09-20,SH-DA-FC,bike-discount.de,OK,DURA ACE FC-R9200 12-fach Kurbel 52/36,384.99,EUR,7874,323.52,384.99,19 %,skladem,jsonld,,https://www.bike-discount.de/de/shimano-dura-ace-fc-r9200-12-fach-kurbel-52/36
2026-09-20,SH-DA-FC-PM,bike-discount.de,OK,Adapter - H PM zu PM vorne 183,20.99,EUR,429,17.64,20.99,19 %,skladem,jsonld,ověřit variantu,https://www.bike-discount.de/de/hope-adapter-h-pm-zu-pm-vorne-183
2026-09-20,SH-DA-CS,bike-discount.de,OK,DURA ACE CS-R9200 12-fach Kassette,224.99,EUR,4602,189.07,224.99,19 %,skladem,jsonld,ověřit variantu,https://www.bike-discount.de/de/shimano-dura-ace-cs-r9200-12-fach-kassette
2026-09-20,SH-DA-CN,bike-discount.de,OK,XTR CN-M9100 12-fach Kette mit Quick-Link,41.99,EUR,859,35.29,41.99,19 %,skladem,jsonld,,https://www.bike-discount.de/de/shimano-xtr-cn-m9100-12-fach-kette-mit-quick-link
2026-09-20,SH-DA-SET,bike-discount.de,OK,DURA ACE Di2 R9270 2x12-fach Gruppe Disc 140/160mm TOP-DEAL,1999.0,EUR,40885,1679.83,1999.0,19 %,skladem,jsonld,,https://www.bike-discount.de/de/shimano-dura-ace-di2-r9270-2x12-fach-gruppe-disc-140/160mm
2026-09-20,SH-DA-SET-PM,bike-discount.de,nenalezeno,,,,,,,19 %,?,,,
2026-09-20,SH-X-BT-DN300,bike-discount.de,podezřele nízká cena,Unità adattatore per BT-DN300,5.99,EUR,122,5.03,5.99,19 %,skladem,jsonld,vyřazeno: -94.7 % vs medián ostatních shopů 2317 Kč – nejspíš jiný sortiment,https://www.bike-discount.de/it/shimano-unita-adattatore-per-bt-dn300
2026-09-20,SH-X-EW-EC300,bike-discount.de,OK,Di2 EW-EC300 Ladekabel,34.99,EUR,716,29.4,34.99,19 %,skladem,jsonld,,https://www.bike-discount.de/de/shimano-di2-ew-ec300-ladekabel
2026-09-20,SH-X-RT-CL800,bike-discount.de,nenalezeno,,,,,,,19 %,?,,,
2026-09-20,SH-X-RT-CL900,bike-discount.de,nenalezeno,,,,,,,19 %,?,,,
2026-09-20,SR-RED-SET,bike-discount.de,nenalezeno,,,,,,,19 %,?,,,
2026-09-20,SR-RED-SET-PM,bike-discount.de,nenalezeno,,,,,,,19 %,?,,,
2026-09-20,SR-FORCE-SET,bike-discount.de,OK,Force E1 50-37T Carbon AXS 12-fach Gruppe,1599.99,EUR,32725,1344.53,1599.99,19 %,skladem,jsonld,,https://www.bike-discount.de/de/sram-force-e1-50-37t-carbon-axs-12-fach-gruppe
2026-09-20,SR-FORCE-SET-PM,bike-discount.de,nenalezeno,,,,,,,19 %,?,,,
2026-09-20,SR-RIVAL-SET,bike-discount.de,OK,Rival E1 AXS 2x12-fach 48/35T Gruppe,1199.99,EUR,24543,1008.39,1199.99,19 %,skladem,jsonld,,https://www.bike-discount.de/de/sram-rival-e1-axs-2x12-fach-48/35t-gruppe
2026-09-20,SR-RIVAL-SET-PM,bike-discount.de,nenalezeno,,,,,,,19 %,?,,,
2026-09-20,SR-FORCE-D2-SET,bike-discount.de,nenalezeno,,,,,,,19 %,?,,,
2026-09-20,SR-RIVAL-D1-SET,bike-discount.de,nenalezeno,,,,,,,19 %,?,,,
2026-09-20,SR-RED-D1-SET,bike-discount.de,nenalezeno,,,,,,,19 %,?,,,
